Active,Assisted,Square,Repetition,Area,Depth,Treatment,CH4,CO2,N2O,C,Soil_class
1,0,A,1,area_1,0-10,a_Sugarcane,-13.77,128.93,5.59,24.68,Clay
1,0,A,2,area_1,0-10,a_Sugarcane,-15.22,106.86,7.77,21.34,Clay
1,0,A,3,area_1,0-10,a_Sugarcane,-14.41,126.98,18.1,20.4,Clay
1,0,A,4,area_1,0-10,a_Sugarcane,-13.32,147.39,7.93,20.52,Clay
1,0,A,5,area_1,0-10,a_Sugarcane,-17.69,133.58,9.49,21.14,Clay
1,0,B,1,area_1,0-10,a_Sugarcane,-8.93,131.46,7.83,18.71,Clay
1,0,B,2,area_1,0-10,a_Sugarcane,-9.91,140.74,12.81,17.74,Clay
1,0,B,3,area_1,0-10,a_Sugarcane,-21.76,210.95,12.65,19.97,Clay
1,0,B,4,area_1,0-10,a_Sugarcane,4.18,101.31,13.21,19.45,Clay
1,0,B,5,area_1,0-10,a_Sugarcane,-6.09,171.17,11.72,18.17,Clay
1,0,C,1,area_2,0-10,a_Sugarcane,-11.9,58.52,27.54,29.86,Clay
1,0,C,2,area_2,0-10,a_Sugarcane,-24.04,211.58,41.97,30.83,Clay Loam
1,0,C,3,area_2,0-10,a_Sugarcane,-16.44,190.43,35.85,27.42,Clay Loam
1,0,C,4,area_2,0-10,a_Sugarcane,-3.95,147.45,30.27,19.97,Clay
1,0,C,5,area_2,0-10,a_Sugarcane,-9.01,180.51,25.8,25.46,Clay
1,0,A,1,area_1,10--20,a_Sugarcane,-28.06,187.85,,17.66,
1,0,A,2,area_1,10--20,a_Sugarcane,-26.17,141.51,,19.56,
1,0,A,3,area_1,10--20,a_Sugarcane,-28.48,176.12,,18.06,
1,0,A,4,area_1,10--20,a_Sugarcane,-14.36,138.9,,14.61,
1,0,A,5,area_1,10--20,a_Sugarcane,-19.49,248.19,,15.68,
1,0,B,1,area_1,10--20,a_Sugarcane,-29.88,151.41,,19.79,
1,0,B,2,area_1,10--20,a_Sugarcane,-33.5,125.09,,16.44,
1,0,B,3,area_1,10--20,a_Sugarcane,-20.28,162.31,,18.51,
1,0,B,4,area_1,10--20,a_Sugarcane,-19.14,146.52,,16.14,
1,0,B,5,area_1,10--20,a_Sugarcane,-15.47,152.38,,16.14,
1,0,C,1,area_2,10--20,a_Sugarcane,-29.1,85.5,,16.42,
1,0,C,2,area_2,10--20,a_Sugarcane,-15.96,191.94,,21.48,
1,0,C,3,area_2,10--20,a_Sugarcane,-9.68,270.58,,17.99,
1,0,C,4,area_2,10--20,a_Sugarcane,-9.72,188.33,,17.52,
1,0,C,5,area_2,10--20,a_Sugarcane,-25.92,139.02,,19.53,
1,0,A,1,area_1,20-30,a_Sugarcane,-27.26,160.47,,14.43,
1,0,A,2,area_1,20-30,a_Sugarcane,-19.36,129.65,,15.63,
1,0,A,3,area_1,20-30,a_Sugarcane,-23.51,217.38,,15.47,
1,0,A,4,area_1,20-30,a_Sugarcane,-22.35,153,,13.6,
1,0,A,5,area_1,20-30,a_Sugarcane,-25.82,154.08,,13.14,
1,0,B,1,area_1,20-30,a_Sugarcane,-29.45,183.21,,16.05,
1,0,B,2,area_1,20-30,a_Sugarcane,-19.44,89.22,,15.77,
1,0,B,3,area_1,20-30,a_Sugarcane,-28.4,206.73,,17.05,
1,0,B,4,area_1,20-30,a_Sugarcane,-32.93,117.89,,15.69,
1,0,B,5,area_1,20-30,a_Sugarcane,-31.79,199.16,,15.5,
1,0,C,1,area_2,20-30,a_Sugarcane,-27.65,190.27,,14.3,
1,0,C,2,area_2,20-30,a_Sugarcane,-19.53,324.06,,17.28,
1,0,C,3,area_2,20-30,a_Sugarcane,-19.16,648.39,,14.68,
1,0,C,4,area_2,20-30,a_Sugarcane,-17.48,223.54,,16.3,
1,0,C,5,area_2,20-30,a_Sugarcane,-8.68,204.93,,17.35,
0,1,D,1,area_3,0-10,b_Pasture,-7.77,75.45,5.37,28.58,Clay Loam
0,1,D,2,area_3,0-10,b_Pasture,-8.52,96.59,13.43,22.95,Clay Loam
0,1,D,3,area_3,0-10,b_Pasture,-2.96,61.27,-8.29,26.82,Clay
0,1,D,4,area_3,0-10,b_Pasture,24.57,70.11,43.86,37.19,Clay
0,1,D,5,area_3,0-10,b_Pasture,19.02,120.55,24.1,32.47,Clay
0,1,E,1,area_3,0-10,b_Pasture,-9.31,189.01,23.39,29.2,Sandy Clay Loam
0,1,E,2,area_3,0-10,b_Pasture,-11.03,218.16,11.98,20.77,Clay
0,1,E,3,area_3,0-10,b_Pasture,-8.33,74.63,26.63,25.68,Sandy Clay Loam
0,1,E,4,area_3,0-10,b_Pasture,-6,61.69,39.27,19.76,Clay Loam
0,1,E,5,area_3,0-10,b_Pasture,-5.72,95.62,26.42,26.5,Clay Loam
0,1,F,1,area_3,0-10,b_Pasture,-6.02,73.49,23.39,24.63,Clay
0,1,F,2,area_3,0-10,b_Pasture,-9.91,101.35,11.98,21.51,Clay
0,1,F,3,area_3,0-10,b_Pasture,-3.94,59.23,-8.29,23.84,Clay
0,1,F,4,area_3,0-10,b_Pasture,26.86,79.24,43.86,16.3,Clay
0,1,F,5,area_3,0-10,b_Pasture,17.65,122.42,24.1,21.55,Clay
0,1,D,1,area_3,10--20,b_Pasture,-10.07,113.18,,15.17,
0,1,D,2,area_3,10--20,b_Pasture,-12.76,130.54,,19.14,
0,1,D,3,area_3,10--20,b_Pasture,7.3,81.48,,14.86,
0,1,D,4,area_3,10--20,b_Pasture,5.42,76.46,,20.1,
0,1,D,5,area_3,10--20,b_Pasture,17.29,157.99,,16.77,
0,1,E,1,area_3,10--20,b_Pasture,-13.1,126.23,,17.94,
0,1,E,2,area_3,10--20,b_Pasture,-8.69,146.31,,13.42,
0,1,E,3,area_3,10--20,b_Pasture,-10.09,108.64,,16.98,
0,1,E,4,area_3,10--20,b_Pasture,-9.37,105.19,,16.15,
0,1,E,5,area_3,10--20,b_Pasture,-12.64,115.15,,17.41,
0,1,F,1,area_3,10--20,b_Pasture,-12.25,111.74,,17.72,
0,1,F,2,area_3,10--20,b_Pasture,-12.42,129.3,,14.37,
0,1,F,3,area_3,10--20,b_Pasture,6.06,77.73,,18.99,
0,1,F,4,area_3,10--20,b_Pasture,5.59,73.44,,14.73,
0,1,F,5,area_3,10--20,b_Pasture,14.57,158.24,,18.17,
0,1,D,1,area_3,20-30,b_Pasture,-8.45,138.41,,16.81,
0,1,D,2,area_3,20-30,b_Pasture,-10.48,139.35,,16.94,
0,1,D,3,area_3,20-30,b_Pasture,-18.48,344.28,,16.03,
0,1,D,4,area_3,20-30,b_Pasture,-11.61,134.84,,15.99,
0,1,D,5,area_3,20-30,b_Pasture,8.74,183.4,,14.88,
0,1,E,1,area_3,20-30,b_Pasture,-14.11,179.59,,16.4,
0,1,E,2,area_3,20-30,b_Pasture,-15.8,251.34,,14.57,
0,1,E,3,area_3,20-30,b_Pasture,-19.51,183.86,,14.54,
0,1,E,4,area_3,20-30,b_Pasture,-12.68,188.86,,13.08,
0,1,E,5,area_3,20-30,b_Pasture,-4.74,112.46,,16.19,
0,1,F,1,area_3,20-30,b_Pasture,-12.12,165.21,,16.37,
0,1,F,2,area_3,20-30,b_Pasture,-13.4,136.56,,15.86,
0,1,F,3,area_3,20-30,b_Pasture,-21.57,318.92,,16,
0,1,F,4,area_3,20-30,b_Pasture,-8.9,129.17,,14.38,
0,1,F,5,area_3,20-30,b_Pasture,10.12,182.4,,18.68,
1,0,H,1,area_4,0-10,c_Active_< 8,-58.43,107.12,6.62,27.21,Clay
1,0,H,2,area_4,0-10,c_Active_< 8,-92.27,175.61,3.35,32.32,Clay
1,0,H,3,area_4,0-10,c_Active_< 8,-60.99,137.72,4.48,22.88,Clay
1,0,H,4,area_4,0-10,c_Active_< 8,-50.35,167.38,4.49,28.73,Clay
1,0,H,5,area_4,0-10,c_Active_< 8,-78.5,200.76,8.25,28.99,Clay
1,0,I,1,area_4,0-10,c_Active_< 8,-55.79,132.4,7.25,26.67,Clay
1,0,I,2,area_4,0-10,c_Active_< 8,-67.9,247.11,7.13,23.89,Clay
1,0,I,3,area_4,0-10,c_Active_< 8,-50.58,91.97,5.03,22.36,Clay
1,0,I,4,area_4,0-10,c_Active_< 8,-44.83,210,7.09,23.12,Clay
1,0,I,5,area_4,0-10,c_Active_< 8,-58.57,135.24,9.74,23.95,Clay
1,0,G,1,area_4,0-10,c_Active_< 8,-39.91,152.51,6.66,28,Clay
1,0,G,2,area_4,0-10,c_Active_< 8,-56.87,183.9,9.02,21.76,Clay
1,0,G,3,area_4,0-10,c_Active_< 8,-89.53,185.51,13.82,27.43,Clay
1,0,G,4,area_4,0-10,c_Active_< 8,-29.27,106.37,21.88,23.18,Clay
1,0,G,5,area_4,0-10,c_Active_< 8,-55.34,154.72,9.91,25.83,Clay
1,0,G,5,area_4,10--20,c_Active_< 8,-78.47,145.24,,20.82,
1,0,H,1,area_4,10--20,c_Active_< 8,-83.77,184.2,,23.87,
1,0,H,2,area_4,10--20,c_Active_< 8,-125.19,219.22,,21.97,
1,0,H,3,area_4,10--20,c_Active_< 8,-98.07,156.84,,20.33,
1,0,H,4,area_4,10--20,c_Active_< 8,-71.36,202.35,,19.15,
1,0,H,5,area_4,10--20,c_Active_< 8,-88.17,210.23,,18.92,
1,0,I,1,area_4,10--20,c_Active_< 8,-43.64,132.31,,19.72,
1,0,I,2,area_4,10--20,c_Active_< 8,-94.47,246.42,,17.07,
1,0,I,3,area_4,10--20,c_Active_< 8,-61.04,102.49,,19.66,
1,0,I,4,area_4,10--20,c_Active_< 8,-29.19,131.82,,21.4,
1,0,I,5,area_4,10--20,c_Active_< 8,-112.43,203.4,,18.51,
1,0,G,1,area_4,10--20,c_Active_< 8,-71,213.39,,22.49,
1,0,G,2,area_4,10--20,c_Active_< 8,-74.89,199.67,,21.09,
1,0,G,3,area_4,10--20,c_Active_< 8,-121.88,206.11,,22.36,
1,0,G,4,area_4,10--20,c_Active_< 8,-59.68,154.31,,24.61,
1,0,G,1,area_4,20-30,c_Active_< 8,-59.58,241.7,,16.56,
1,0,G,2,area_4,20-30,c_Active_< 8,-77.85,204.2,,18.16,
1,0,G,3,area_4,20-30,c_Active_< 8,-73.47,182.09,,20.1,
1,0,G,4,area_4,20-30,c_Active_< 8,-83.57,143.82,,17.69,
1,0,G,5,area_4,20-30,c_Active_< 8,-54.18,186.18,,18.12,
1,0,H,1,area_4,20-30,c_Active_< 8,-83.74,183.53,,18.96,
1,0,H,2,area_4,20-30,c_Active_< 8,-78.55,255.9,,16.36,
1,0,H,3,area_4,20-30,c_Active_< 8,-107.35,216.15,,18.64,
1,0,H,4,area_4,20-30,c_Active_< 8,-60.89,164.7,,16.53,
1,0,H,5,area_4,20-30,c_Active_< 8,-97.78,296.88,,16.82,
1,0,I,1,area_4,20-30,c_Active_< 8,-66.46,168.65,,19.62,
1,0,I,2,area_4,20-30,c_Active_< 8,-51.8,157.49,,16.81,
1,0,I,3,area_4,20-30,c_Active_< 8,-14.51,72.55,,17.1,
1,0,I,4,area_4,20-30,c_Active_< 8,-18.42,211.19,,18.6,
1,0,I,5,area_4,20-30,c_Active_< 8,-59.21,234.41,,16.13,
1,0,J,1,area_5,0-10,d_Active_8_16,-10.13,60.09,11.64,26.58,Clay Loam
1,0,J,2,area_5,0-10,d_Active_8_16,-12.08,48.63,12.33,22.79,Clay
1,0,J,3,area_5,0-10,d_Active_8_16,-36.02,56.32,18.81,29.45,Clay Loam
1,0,J,4,area_5,0-10,d_Active_8_16,-21.27,85.34,26.99,27.62,Clay Loam
1,0,J,5,area_5,0-10,d_Active_8_16,-31.76,71.87,31.57,22.17,Clay
1,0,K,1,area_6,0-10,d_Active_8_16,-22.76,110.41,52.05,31,Clay
1,0,K,2,area_6,0-10,d_Active_8_16,-12.89,84.89,33.12,26.96,Clay
1,0,K,3,area_6,0-10,d_Active_8_16,-12.97,105.68,29.24,33.78,Clay
1,0,K,4,area_6,0-10,d_Active_8_16,-25.55,141.09,33.31,47.4,Clay
1,0,K,5,area_6,0-10,d_Active_8_16,-39.97,115.12,16.6,25.48,Clay
1,0,L,1,area_6,0-10,d_Active_8_16,37.37,169.78,38.97,24.03,Clay
1,0,L,2,area_6,0-10,d_Active_8_16,-20.1,114.19,19.53,19.67,Clay
1,0,L,3,area_6,0-10,d_Active_8_16,17.34,139.19,47.45,39.5,Clay
1,0,L,4,area_6,0-10,d_Active_8_16,46.75,137.46,31.98,35.87,Clay
1,0,L,5,area_6,0-10,d_Active_8_16,-4.16,108.49,32,26.17,Clay
1,0,J,1,area_5,10--20,d_Active_8_16,-16.05,96.47,,18.5,
1,0,J,2,area_5,10--20,d_Active_8_16,-36.71,92.94,,15.63,
1,0,J,3,area_5,10--20,d_Active_8_16,-20.02,61.36,,16.22,
1,0,J,4,area_5,10--20,d_Active_8_16,-16.67,107.64,,16.62,
1,0,J,5,area_5,10--20,d_Active_8_16,-24.61,86.16,,16.41,
1,0,K,1,area_6,10--20,d_Active_8_16,-15.29,103.81,,16.74,
1,0,K,2,area_6,10--20,d_Active_8_16,-29.38,116.44,,19.44,
1,0,K,3,area_6,10--20,d_Active_8_16,-35.37,76.46,,18.95,
1,0,K,4,area_6,10--20,d_Active_8_16,-36.19,121.93,,20.99,
1,0,K,5,area_6,10--20,d_Active_8_16,-28.52,114.49,,18.09,
1,0,L,1,area_6,10--20,d_Active_8_16,-17.61,129.16,,17.33,
1,0,L,2,area_6,10--20,d_Active_8_16,-3.79,112.43,,16.27,
1,0,L,3,area_6,10--20,d_Active_8_16,-16.62,162.98,,18.38,
1,0,L,4,area_6,10--20,d_Active_8_16,-20.65,164,,16.63,
1,0,L,5,area_6,10--20,d_Active_8_16,-22.09,173.28,,18.08,
1,0,J,1,area_5,20-30,d_Active_8_16,-44.76,169.94,,16.93,
1,0,J,2,area_5,20-30,d_Active_8_16,-32.51,104.25,,13.61,
1,0,J,3,area_5,20-30,d_Active_8_16,-42.79,99.53,,13.7,
1,0,J,4,area_5,20-30,d_Active_8_16,-37.89,153.67,,14.03,
1,0,J,5,area_5,20-30,d_Active_8_16,-28.68,108.52,,15.51,
1,0,K,1,area_6,20-30,d_Active_8_16,-18.84,137.55,,14.15,
1,0,K,2,area_6,20-30,d_Active_8_16,-14.43,100.56,,15.35,
1,0,K,3,area_6,20-30,d_Active_8_16,-14.8,98.36,,17.05,
1,0,K,4,area_6,20-30,d_Active_8_16,-20.25,166.78,,17.96,
1,0,K,5,area_6,20-30,d_Active_8_16,-52.14,117.35,,16.9,
1,0,L,1,area_6,20-30,d_Active_8_16,5.48,131.7,,14.43,
1,0,L,2,area_6,20-30,d_Active_8_16,-37.06,194.68,,12.72,
1,0,L,3,area_6,20-30,d_Active_8_16,-33.74,91.63,,16.94,
1,0,L,4,area_6,20-30,d_Active_8_16,-16.08,219.99,,15.99,
1,0,L,5,area_6,20-30,d_Active_8_16,-15.32,126.42,,15.17,
1,0,M,1,area_7,0-10,e_Active_>16,-11.26,123.78,24.42,21.25,Sandy Clay Loam
1,0,M,2,area_7,0-10,e_Active_>16,-23.18,150.74,45.91,32.88,Sandy Clay Loam
1,0,M,3,area_7,0-10,e_Active_>16,-20.96,103.2,38.33,28.56,Sandy Clay Loam
1,0,M,4,area_7,0-10,e_Active_>16,-40.66,159.69,26.15,21.2,Sandy Clay Loam
1,0,M,5,area_7,0-10,e_Active_>16,14.4,92.83,40.3,19.92,Sandy Loam
1,0,N,1,area_8,0-10,e_Active_>16,-70.51,250.53,30.55,29.1,Clay
1,0,N,2,area_8,0-10,e_Active_>16,-59.79,213.63,26.28,34.39,Clay
1,0,N,3,area_8,0-10,e_Active_>16,-48.05,189.87,26.71,30.16,Clay
1,0,N,4,area_8,0-10,e_Active_>16,-13.28,217.59,27.19,27.63,Clay
1,0,N,5,area_8,0-10,e_Active_>16,-38.49,271.74,13.29,41.02,Clay
1,0,O,1,area_8,0-10,e_Active_>16,-47.06,85.26,26.87,29.83,Clay
1,0,O,2,area_8,0-10,e_Active_>16,-62.05,140.53,16.14,30.12,Clay
1,0,O,3,area_8,0-10,e_Active_>16,-45.2,104.84,32.3,44.15,Clay Loam
1,0,O,4,area_8,0-10,e_Active_>16,-40.67,72.84,38.15,35.85,Clay
1,0,O,5,area_8,0-10,e_Active_>16,-64.42,118.21,35.38,43.46,Clay Loam
1,0,M,1,area_7,10--20,e_Active_>16,-17.19,78.8,,11.81,
1,0,M,2,area_7,10--20,e_Active_>16,-30.23,132.36,,16.92,
1,0,M,3,area_7,10--20,e_Active_>16,-20.42,85.54,,11.24,
1,0,M,4,area_7,10--20,e_Active_>16,-24.48,162.31,,12.75,
1,0,M,5,area_7,10--20,e_Active_>16,-21.9,65.5,,12.66,
1,0,N,1,area_8,10--20,e_Active_>16,-88.38,155.66,,19.76,
1,0,N,2,area_8,10--20,e_Active_>16,-96.23,158.84,,20.32,
1,0,N,3,area_8,10--20,e_Active_>16,-14.97,181.11,,19.89,
1,0,N,4,area_8,10--20,e_Active_>16,-84.28,180.14,,22.18,
1,0,N,5,area_8,10--20,e_Active_>16,-72.53,158.28,,18.33,
1,0,O,1,area_8,10--20,e_Active_>16,-67.99,111.82,,14.78,
1,0,O,2,area_8,10--20,e_Active_>16,-99.66,120.64,,20.61,
1,0,O,3,area_8,10--20,e_Active_>16,-53.53,110.52,,24.14,
1,0,O,4,area_8,10--20,e_Active_>16,-47.69,110.13,,21.39,
1,0,O,5,area_8,10--20,e_Active_>16,-79.4,115.15,,23.54,
1,0,M,1,area_7,20-30,e_Active_>16,-4.16,58.2,,8.58,
1,0,M,2,area_7,20-30,e_Active_>16,-9.95,96.49,,9.12,
1,0,M,3,area_7,20-30,e_Active_>16,-11.33,85.43,,10.13,
1,0,M,4,area_7,20-30,e_Active_>16,-27.65,213.14,,10.37,
1,0,M,5,area_7,20-30,e_Active_>16,-38.51,122.42,,7.85,
1,0,N,1,area_8,20-30,e_Active_>16,-80.47,193.95,,14.03,
1,0,N,2,area_8,20-30,e_Active_>16,-68.7,239.12,,15.23,
1,0,N,3,area_8,20-30,e_Active_>16,-66.58,203.47,,15.15,
1,0,N,4,area_8,20-30,e_Active_>16,-51.56,192.92,,16.89,
1,0,N,5,area_8,20-30,e_Active_>16,-68.3,248.71,,14.89,
1,0,O,1,area_8,20-30,e_Active_>16,-86.26,187.29,,14.55,
1,0,O,2,area_8,20-30,e_Active_>16,-52.14,203.79,,16.49,
1,0,O,3,area_8,20-30,e_Active_>16,-40.84,93.16,,17.09,
1,0,O,4,area_8,20-30,e_Active_>16,-57.51,129.33,,16.41,
1,0,O,5,area_8,20-30,e_Active_>16,-37.5,169.54,,20.72,
0,1,P,1,area_9,0-10,f_Assisted_< 8,28.11,131.54,4.71,24.59,Clay Loam
0,1,P,2,area_9,0-10,f_Assisted_< 8,-16.31,125.43,4.93,21.83,Clay Loam
0,1,P,3,area_9,0-10,f_Assisted_< 8,31.8,187.08,7.12,24.73,Clay Loam
0,1,P,4,area_9,0-10,f_Assisted_< 8,29.16,147.41,9.3,20.11,Sandy Clay Loam
0,1,P,5,area_9,0-10,f_Assisted_< 8,-18.53,145.05,6.98,22.13,Clay Loam
0,1,Q,1,area_9,0-10,f_Assisted_< 8,44.6,146.21,3.24,22.39,Clay Loam
0,1,Q,2,area_9,0-10,f_Assisted_< 8,-11.45,194.56,7.35,18.22,Clay Loam
0,1,Q,3,area_9,0-10,f_Assisted_< 8,-10.92,122.44,2.21,20.32,Clay Loam
0,1,Q,4,area_9,0-10,f_Assisted_< 8,-18.41,58.43,4.92,24.9,Clay Loam
0,1,Q,5,area_9,0-10,f_Assisted_< 8,-16.34,109.67,6.7,15.8,Loam
0,1,R,1,area_9,0-10,f_Assisted_< 8,-23.99,126.3,15.36,18.03,Loam
0,1,R,2,area_9,0-10,f_Assisted_< 8,32.24,295.72,7.14,22.77,Loam
0,1,R,3,area_9,0-10,f_Assisted_< 8,33.89,121.68,12.18,15.71,Loam
0,1,R,4,area_9,0-10,f_Assisted_< 8,-32.2,166.52,7.58,21.93,Clay Loam
0,1,R,5,area_9,0-10,f_Assisted_< 8,-27.58,123.61,12.18,23.22,Clay Loam
0,1,P,1,area_9,10--20,f_Assisted_< 8,84.22,244.89,,11.53,
0,1,P,2,area_9,10--20,f_Assisted_< 8,6.59,106.76,,10.76,
0,1,P,3,area_9,10--20,f_Assisted_< 8,-21.59,124.27,,8.92,
0,1,P,4,area_9,10--20,f_Assisted_< 8,-23.65,86.98,,12.99,
0,1,P,5,area_9,10--20,f_Assisted_< 8,-16.81,136.92,,8.23,
0,1,Q,1,area_9,10--20,f_Assisted_< 8,0.87,95.59,,11.59,
0,1,Q,2,area_9,10--20,f_Assisted_< 8,-19.43,154.1,,11.11,
0,1,Q,3,area_9,10--20,f_Assisted_< 8,-18.33,97.67,,11.36,
0,1,Q,4,area_9,10--20,f_Assisted_< 8,-25.68,59.22,,14.35,
0,1,Q,5,area_9,10--20,f_Assisted_< 8,1.51,97.6,,10.33,
0,1,R,1,area_9,10--20,f_Assisted_< 8,-40.67,118.71,,10.93,
0,1,R,2,area_9,10--20,f_Assisted_< 8,6.4,118.72,,13.04,
0,1,R,3,area_9,10--20,f_Assisted_< 8,-53.22,93.06,,9.76,
0,1,R,4,area_9,10--20,f_Assisted_< 8,-24.79,96.28,,13.28,
0,1,R,5,area_9,10--20,f_Assisted_< 8,-48.14,106.09,,14.26,
0,1,P,1,area_9,20-30,f_Assisted_< 8,21.6,119.32,,7.52,
0,1,P,2,area_9,20-30,f_Assisted_< 8,24.74,161.33,,6.23,
0,1,P,3,area_9,20-30,f_Assisted_< 8,-9.74,193.42,,5.98,
0,1,P,4,area_9,20-30,f_Assisted_< 8,-7.69,90.49,,6.56,
0,1,P,5,area_9,20-30,f_Assisted_< 8,-21.96,107.09,,7.11,
0,1,Q,1,area_9,20-30,f_Assisted_< 8,-20.61,111.52,,7.21,
0,1,Q,2,area_9,20-30,f_Assisted_< 8,-32.18,151.61,,11.58,
0,1,Q,3,area_9,20-30,f_Assisted_< 8,-20.64,103.88,,7.33,
0,1,Q,4,area_9,20-30,f_Assisted_< 8,-37.38,103.43,,9.53,
0,1,Q,5,area_9,20-30,f_Assisted_< 8,-9.45,91.92,,9.02,
0,1,R,1,area_9,20-30,f_Assisted_< 8,-35.74,98.34,,8.44,
0,1,R,2,area_9,20-30,f_Assisted_< 8,-24.74,109.6,,9.02,
0,1,R,3,area_9,20-30,f_Assisted_< 8,-58.85,164.31,,7.45,
0,1,R,4,area_9,20-30,f_Assisted_< 8,-18.02,127.19,,10.31,
0,1,R,5,area_9,20-30,f_Assisted_< 8,-9.12,30.62,,8.15,
0,1,S,1,area_10,0-10,g_Assisted_8_16,-35.81,123.33,8.99,42.61,Clay Loam
0,1,S,2,area_10,0-10,g_Assisted_8_16,-42.22,101.56,28.74,56.09,Clay Loam
0,1,S,3,area_10,0-10,g_Assisted_8_16,-19.97,82.4,16.91,25.45,Clay Loam
0,1,S,4,area_10,0-10,g_Assisted_8_16,-21.89,71.52,16.31,45.74,Clay Loam
0,1,S,5,area_10,0-10,g_Assisted_8_16,-19.14,89.95,11.61,33.06,Clay Loam
0,1,T,1,area_11,0-10,g_Assisted_8_16,-55.53,78.41,21.38,33.2,Clay Loam
0,1,T,2,area_11,0-10,g_Assisted_8_16,-36.31,80.13,23.22,34.29,Clay Loam
0,1,T,3,area_11,0-10,g_Assisted_8_16,-35.75,92.46,14.56,37.81,Clay Loam
0,1,T,4,area_11,0-10,g_Assisted_8_16,-44.11,83.27,13.8,28.98,Clay Loam
0,1,T,5,area_11,0-10,g_Assisted_8_16,-10.41,107.19,7.62,27.86,Clay Loam
0,1,U,1,area_11,0-10,g_Assisted_8_16,-51.73,66.35,5.56,21.79,Sandy Clay Loam
0,1,U,2,area_11,0-10,g_Assisted_8_16,-74.96,67.43,5.8,22.92,Sandy Clay Loam
0,1,U,3,area_11,0-10,g_Assisted_8_16,-55.19,95.8,30.38,22.85,Sandy Clay Loam
0,1,U,4,area_11,0-10,g_Assisted_8_16,-37.38,71.72,12.77,26.62,Sandy Clay Loam
0,1,U,5,area_11,0-10,g_Assisted_8_16,-45.54,44.68,13.72,29.1,Clay Loam
0,1,S,1,area_10,10--20,g_Assisted_8_16,-40.93,95.72,,32.85,
0,1,S,2,area_10,10--20,g_Assisted_8_16,-46.9,115.85,,33.56,
0,1,S,3,area_10,10--20,g_Assisted_8_16,-32.51,130.77,,14.71,
0,1,S,4,area_10,10--20,g_Assisted_8_16,-25.75,108.03,,38.6,
0,1,S,5,area_10,10--20,g_Assisted_8_16,-36.12,112.93,,16.17,
0,1,T,1,area_11,10--20,g_Assisted_8_16,-41.32,80.7,,26.22,
0,1,T,2,area_11,10--20,g_Assisted_8_16,-48.39,196.83,,22.87,
0,1,T,3,area_11,10--20,g_Assisted_8_16,-62.78,177.74,,20.83,
0,1,T,4,area_11,10--20,g_Assisted_8_16,-30.72,155.55,,18.76,
0,1,T,5,area_11,10--20,g_Assisted_8_16,-24.25,103.21,,22.49,
0,1,U,1,area_11,10--20,g_Assisted_8_16,-170.8,319.71,,15.84,
0,1,U,2,area_11,10--20,g_Assisted_8_16,-52.15,89.59,,18.38,
0,1,U,3,area_11,10--20,g_Assisted_8_16,-61.21,130.84,,16.81,
0,1,U,4,area_11,10--20,g_Assisted_8_16,-60.71,97.94,,14.3,
0,1,U,5,area_11,10--20,g_Assisted_8_16,-53.09,106.9,,14.54,
0,1,S,1,area_10,20-30,g_Assisted_8_16,-69.31,260.29,,27.76,
0,1,S,2,area_10,20-30,g_Assisted_8_16,-53.76,157.55,,18.11,
0,1,S,3,area_10,20-30,g_Assisted_8_16,-43.18,158.84,,12.37,
0,1,S,4,area_10,20-30,g_Assisted_8_16,-25.67,151.09,,19.83,
0,1,S,5,area_10,20-30,g_Assisted_8_16,-36.98,146.86,,12.31,
0,1,T,1,area_11,20-30,g_Assisted_8_16,-41.18,167.82,,22.41,
0,1,T,2,area_11,20-30,g_Assisted_8_16,-32.73,137.05,,13.7,
0,1,T,3,area_11,20-30,g_Assisted_8_16,-34.13,146.06,,13.42,
0,1,T,4,area_11,20-30,g_Assisted_8_16,-40.8,139.22,,17.78,
0,1,T,5,area_11,20-30,g_Assisted_8_16,-33.04,147.69,,21.78,
0,1,U,1,area_11,20-30,g_Assisted_8_16,-71.07,91.41,,13.69,
0,1,U,2,area_11,20-30,g_Assisted_8_16,-42.41,117.87,,12.88,
0,1,U,3,area_11,20-30,g_Assisted_8_16,-38.54,221.25,,11.26,
0,1,U,4,area_11,20-30,g_Assisted_8_16,-58.61,144.75,,11.63,
0,1,U,5,area_11,20-30,g_Assisted_8_16,-42.01,190.04,,12.94,
0,1,V,1,area_12,0-10,h_Assisted_>16,-85.37,228.39,4.57,46.51,Clay
0,1,V,2,area_12,0-10,h_Assisted_>16,-78.04,308,4.7,44.31,Clay Loam
0,1,V,3,area_12,0-10,h_Assisted_>16,-81.16,204.18,8.33,39.2,Clay
0,1,V,4,area_12,0-10,h_Assisted_>16,-62.67,344.45,15.12,33.1,Clay
0,1,V,5,area_12,0-10,h_Assisted_>16,-40.81,322.29,7.94,31.85,Clay
0,1,W,1,area_12,0-10,h_Assisted_>16,-83.81,292.89,2.46,34.5,Clay
0,1,W,2,area_12,0-10,h_Assisted_>16,-56.52,192.84,5.09,36.02,Clay
0,1,W,3,area_12,0-10,h_Assisted_>16,-57.04,239.72,5.42,34.64,Clay
0,1,W,4,area_12,0-10,h_Assisted_>16,-69.14,323.79,1.09,40.13,Clay
0,1,W,5,area_12,0-10,h_Assisted_>16,-71.72,382.28,5.6,40.9,Clay
0,1,X,1,area_12,0-10,h_Assisted_>16,-37.77,206.1,8.88,34.7,Clay
0,1,X,2,area_12,0-10,h_Assisted_>16,-51.34,252.62,4.47,42.79,Clay
0,1,X,3,area_12,0-10,h_Assisted_>16,-48.12,234.45,7.47,34.35,Clay
0,1,X,4,area_12,0-10,h_Assisted_>16,-77.97,270.8,13.63,32.78,Clay
0,1,X,5,area_12,0-10,h_Assisted_>16,-65.46,308.6,5.14,32.08,Clay
0,1,V,1,area_12,10--20,h_Assisted_>16,-122.97,257.9,,33.65,
0,1,V,2,area_12,10--20,h_Assisted_>16,-131.97,302.21,,29.86,
0,1,V,3,area_12,10--20,h_Assisted_>16,-105.75,257.25,,26.81,
0,1,V,4,area_12,10--20,h_Assisted_>16,-43.41,224.8,,21.45,
0,1,V,5,area_12,10--20,h_Assisted_>16,-39.92,236.06,,13.29,
0,1,W,1,area_12,10--20,h_Assisted_>16,-83.36,235.6,,37.29,
0,1,W,2,area_12,10--20,h_Assisted_>16,-82.7,284.17,,21.72,
0,1,W,3,area_12,10--20,h_Assisted_>16,-51.2,214.95,,31.32,
0,1,W,4,area_12,10--20,h_Assisted_>16,-62.19,240.35,,28.62,
0,1,W,5,area_12,10--20,h_Assisted_>16,-77.79,351.55,,24.8,
0,1,X,1,area_12,10--20,h_Assisted_>16,-80.33,112.27,,25.9,
0,1,X,2,area_12,10--20,h_Assisted_>16,-70.17,367.55,,27.74,
0,1,X,3,area_12,10--20,h_Assisted_>16,-66.29,186.47,,24.34,
0,1,X,4,area_12,10--20,h_Assisted_>16,-78.08,248.06,,25.33,
0,1,X,5,area_12,10--20,h_Assisted_>16,-63.64,208.99,,23.4,
0,1,V,1,area_12,20-30,h_Assisted_>16,-89,252.4,,35.26,
0,1,V,2,area_12,20-30,h_Assisted_>16,-116.29,417.6,,24.95,
0,1,V,3,area_12,20-30,h_Assisted_>16,-86.75,275.78,,29.75,
0,1,V,4,area_12,20-30,h_Assisted_>16,-102.68,335.05,,17.97,
0,1,V,5,area_12,20-30,h_Assisted_>16,-36.33,293.15,,13.78,
0,1,W,1,area_12,20-30,h_Assisted_>16,-97.89,305.1,,27.18,
0,1,W,2,area_12,20-30,h_Assisted_>16,-91.86,307.88,,17.74,
0,1,W,3,area_12,20-30,h_Assisted_>16,-58.92,251.3,,24.34,
0,1,W,4,area_12,20-30,h_Assisted_>16,-63.66,291.59,,22.49,
0,1,W,5,area_12,20-30,h_Assisted_>16,-69.78,397.86,,23.46,
0,1,X,1,area_12,20-30,h_Assisted_>16,-78.85,217.74,,21.52,
0,1,X,2,area_12,20-30,h_Assisted_>16,-40.62,324.5,,23.63,
0,1,X,3,area_12,20-30,h_Assisted_>16,-111.27,438.73,,21.49,
0,1,X,4,area_12,20-30,h_Assisted_>16,-80.84,281.55,,21.88,
0,1,X,5,area_12,20-30,h_Assisted_>16,-26.41,201.77,,19.1,
1,1,Y,1,area_13,0-10,i_Secondary_Forest,-158.36,414.81,11.5,68.32,Clay
1,1,Y,2,area_13,0-10,i_Secondary_Forest,-126.52,406.72,5.75,48.96,Clay
1,1,Y,3,area_13,0-10,i_Secondary_Forest,-107.37,425.45,2.6,47.65,Clay
1,1,Y,4,area_13,0-10,i_Secondary_Forest,-78.19,398.82,6.01,55.29,Clay
1,1,Y,5,area_13,0-10,i_Secondary_Forest,-99.18,239.23,3.23,51.31,Clay
1,1,Z,1,area_13,0-10,i_Secondary_Forest,-122.49,223.36,6.48,46.58,Clay
1,1,Z,2,area_13,0-10,i_Secondary_Forest,-110.25,165.41,10.18,42.48,Clay
1,1,Z,3,area_13,0-10,i_Secondary_Forest,-137.55,283.26,9.92,47.62,Clay
1,1,Z,4,area_13,0-10,i_Secondary_Forest,-90.01,334.97,11.91,42.69,Clay
1,1,Z,5,area_13,0-10,i_Secondary_Forest,-114.55,419.22,8.06,43.85,Clay
1,1,AA,1,area_13,0-10,i_Secondary_Forest,-86.45,129.33,1.81,59.72,Clay
1,1,AA,2,area_13,0-10,i_Secondary_Forest,-92.16,291.19,6.12,42.02,Clay
1,1,AA,3,area_13,0-10,i_Secondary_Forest,-50.79,227.91,4.21,40.17,Clay
1,1,AA,4,area_13,0-10,i_Secondary_Forest,-128.84,260.16,4.1,44.23,Clay
1,1,AA,5,area_13,0-10,i_Secondary_Forest,-77.66,298.34,3.37,52.25,Clay
1,1,Y,1,area_13,10--20,i_Secondary_Forest,-160.91,234.7,,42.62,
1,1,Y,2,area_13,10--20,i_Secondary_Forest,-159,300.23,,38.46,
1,1,Y,3,area_13,10--20,i_Secondary_Forest,-103.37,353.4,,39.55,
1,1,Y,4,area_13,10--20,i_Secondary_Forest,-166.19,378.03,,36.14,
1,1,Y,5,area_13,10--20,i_Secondary_Forest,-155.69,213.27,,39.24,
1,1,Z,1,area_13,10--20,i_Secondary_Forest,-153.98,205.34,,34.63,
1,1,Z,2,area_13,10--20,i_Secondary_Forest,-105.08,188.3,,35.25,
1,1,Z,3,area_13,10--20,i_Secondary_Forest,-128.14,211.82,,37.11,
1,1,Z,4,area_13,10--20,i_Secondary_Forest,-129.2,222.16,,31.68,
1,1,Z,5,area_13,10--20,i_Secondary_Forest,-153.86,262.93,,37.42,
1,1,AA,1,area_13,10--20,i_Secondary_Forest,-100.74,96.25,,37.08,
1,1,AA,2,area_13,10--20,i_Secondary_Forest,-146.48,365.45,,33.27,
1,1,AA,3,area_13,10--20,i_Secondary_Forest,-111.05,326.63,,31.68,
1,1,AA,4,area_13,10--20,i_Secondary_Forest,-127.35,285.74,,33.01,
1,1,AA,5,area_13,10--20,i_Secondary_Forest,-114.57,235.83,,33.92,
1,1,Y,1,area_13,20-30,i_Secondary_Forest,-116.23,298.41,,37.46,
1,1,Y,2,area_13,20-30,i_Secondary_Forest,-164.33,278.71,,34.03,
1,1,Y,3,area_13,20-30,i_Secondary_Forest,-132.58,293.17,,31.88,
1,1,Y,4,area_13,20-30,i_Secondary_Forest,-142.25,370.45,,33.25,
1,1,Y,5,area_13,20-30,i_Secondary_Forest,-117.76,284.18,,39.42,
1,1,Z,1,area_13,20-30,i_Secondary_Forest,-144.28,214.92,,32.5,
1,1,Z,2,area_13,20-30,i_Secondary_Forest,-57.7,162.54,,37.31,
1,1,Z,3,area_13,20-30,i_Secondary_Forest,-114.7,199.61,,35.84,
1,1,Z,4,area_13,20-30,i_Secondary_Forest,-76.51,194.58,,29.76,
1,1,Z,5,area_13,20-30,i_Secondary_Forest,-116.1,315.84,,33.5,
1,1,AA,1,area_13,20-30,i_Secondary_Forest,-128.42,161.02,,34.41,
1,1,AA,2,area_13,20-30,i_Secondary_Forest,-144.04,357.07,,28.91,
1,1,AA,3,area_13,20-30,i_Secondary_Forest,-53.42,311.16,,27.41,
1,1,AA,4,area_13,20-30,i_Secondary_Forest,-129.25,319.29,,27.8,
1,1,AA,5,area_13,20-30,i_Secondary_Forest,-90.82,283.36,,37.57,
1,1,EE,1,area_14,0-10,j_Native_Reference_2,-31.43,50.11,29.9,27.4,Clay
1,1,EE,2,area_14,0-10,j_Native_Reference_2,-24.07,90.88,21.75,43.12,Clay
1,1,EE,3,area_14,0-10,j_Native_Reference_2,-76.86,120.79,18.45,36.93,Clay
1,1,EE,4,area_14,0-10,j_Native_Reference_2,-56.93,103.07,7.12,37.05,Clay
1,1,EE,5,area_14,0-10,j_Native_Reference_2,-76.22,99.23,11.56,39.06,Clay
1,1,FF,1,area_14,0-10,j_Native_Reference_2,-62.32,94.15,18.63,43.15,Clay Loam
1,1,FF,2,area_14,0-10,j_Native_Reference_2,-69.6,148.38,7.26,43.17,Clay
1,1,FF,3,area_14,0-10,j_Native_Reference_2,-21.33,245.1,17.11,44.67,Clay
1,1,FF,4,area_14,0-10,j_Native_Reference_2,-105.09,183.88,15.06,37.32,Clay
1,1,FF,5,area_14,0-10,j_Native_Reference_2,-93.42,124.73,26.89,49.93,Clay
1,1,GG,1,area_14,0-10,j_Native_Reference_2,-90.76,155.98,16.87,33.79,Clay
1,1,GG,2,area_14,0-10,j_Native_Reference_2,-57.69,124.79,14.88,54.19,Clay
1,1,GG,3,area_14,0-10,j_Native_Reference_2,-26.2,90.13,13.6,37.48,Clay
1,1,GG,4,area_14,0-10,j_Native_Reference_2,-46.93,126.92,12.12,56.61,Clay
1,1,GG,5,area_14,0-10,j_Native_Reference_2,-11.17,108.01,10.46,41.76,Clay
1,1,EE,1,area_14,10--20,j_Native_Reference_2,-17.4,96.68,,18.8,
1,1,EE,2,area_14,10--20,j_Native_Reference_2,-82.54,98.4,,30.73,
1,1,EE,3,area_14,10--20,j_Native_Reference_2,-71.2,137.77,,21.42,
1,1,EE,4,area_14,10--20,j_Native_Reference_2,-66.16,325.02,,19.73,
1,1,EE,5,area_14,10--20,j_Native_Reference_2,-91.62,115.95,,20.54,
1,1,FF,1,area_14,10--20,j_Native_Reference_2,-71.69,89.09,,24.44,
1,1,FF,2,area_14,10--20,j_Native_Reference_2,-45.26,175.42,,19.35,
1,1,FF,3,area_14,10--20,j_Native_Reference_2,-136.05,223.16,,24.28,
1,1,FF,4,area_14,10--20,j_Native_Reference_2,-145.29,167.08,,19.25,
1,1,FF,5,area_14,10--20,j_Native_Reference_2,-33.74,91.01,,19.54,
1,1,GG,1,area_14,10--20,j_Native_Reference_2,-103.22,122.5,,18.21,
1,1,GG,2,area_14,10--20,j_Native_Reference_2,-48.07,104.01,,21.87,
1,1,GG,3,area_14,10--20,j_Native_Reference_2,-56.78,98.05,,23.74,
1,1,GG,4,area_14,10--20,j_Native_Reference_2,-45.07,115.08,,26.92,
1,1,GG,5,area_14,10--20,j_Native_Reference_2,-80.96,126.24,,19.42,
1,1,EE,1,area_14,20-30,j_Native_Reference_2,-92.24,227.62,,15.99,
1,1,EE,2,area_14,20-30,j_Native_Reference_2,-69.45,106.88,,17.67,
1,1,EE,3,area_14,20-30,j_Native_Reference_2,-63.22,131.23,,16.74,
1,1,EE,4,area_14,20-30,j_Native_Reference_2,-59.13,118.48,,16.49,
1,1,EE,5,area_14,20-30,j_Native_Reference_2,-77.78,101.92,,16.56,
1,1,FF,1,area_14,20-30,j_Native_Reference_2,-53.01,208.91,,17.05,
1,1,FF,2,area_14,20-30,j_Native_Reference_2,-49.07,163.85,,13.81,
1,1,FF,3,area_14,20-30,j_Native_Reference_2,-137.4,226.26,,17.51,
1,1,FF,4,area_14,20-30,j_Native_Reference_2,-90.11,275.68,,18.19,
1,1,FF,5,area_14,20-30,j_Native_Reference_2,-64.17,152.37,,19.21,
1,1,GG,1,area_14,20-30,j_Native_Reference_2,-79.64,151.65,,15.23,
1,1,GG,2,area_14,20-30,j_Native_Reference_2,-62.71,116.95,,15.44,
1,1,GG,3,area_14,20-30,j_Native_Reference_2,-56.39,209.89,,18.45,
1,1,GG,4,area_14,20-30,j_Native_Reference_2,-45.66,192.56,,17.46,
1,1,GG,5,area_14,20-30,j_Native_Reference_2,-57.79,179.1,,16.64,
1,1,BB,1,area_14,0-10,k_Native_Reference_1,-88.93,139.65,19.93,27.61,Loam
1,1,BB,2,area_14,0-10,k_Native_Reference_1,-48.43,215.67,17.35,33.44,Loam
1,1,BB,3,area_14,0-10,k_Native_Reference_1,-75.79,226.71,25.3,39.41,Loam
1,1,BB,4,area_14,0-10,k_Native_Reference_1,-135.89,321.07,12.61,23.92,Loam
1,1,BB,5,area_14,0-10,k_Native_Reference_1,-179,407.15,16.07,25.89,Loam
1,1,BB,1,area_14,0-10,k_Native_Reference_1,-70.13,269.75,22.59,49.98,Loam
1,1,CC,2,area_14,0-10,k_Native_Reference_1,-92.09,243.04,25.27,47.44,Loam
1,1,CC,3,area_14,0-10,k_Native_Reference_1,-77.55,209.28,17.25,0.03,Loam
1,1,CC,4,area_14,0-10,k_Native_Reference_1,-104.78,322.46,7.87,30.34,Loam
1,1,CC,5,area_14,0-10,k_Native_Reference_1,-35.77,154.99,11.25,18.91,Loam
1,1,DD,1,area_14,0-10,k_Native_Reference_1,-53.39,237.11,22.96,33.21,Loam
1,1,DD,2,area_14,0-10,k_Native_Reference_1,-53.57,350.9,22.74,32.19,Loam
1,1,DD,3,area_14,0-10,k_Native_Reference_1,-67.53,220.17,26.41,67.35,Loam
1,1,DD,4,area_14,0-10,k_Native_Reference_1,-43.36,175.24,24.31,31.73,Loam
1,1,DD,5,area_14,0-10,k_Native_Reference_1,-73.43,264.17,23.11,31.61,Loam
1,1,BB,1,area_14,10--20,k_Native_Reference_1,-37,73.32,,25.66,
1,1,BB,2,area_14,10--20,k_Native_Reference_1,-71.3,263.53,,17,
1,1,BB,3,area_14,10--20,k_Native_Reference_1,-55.77,132.88,,16.89,
1,1,BB,4,area_14,10--20,k_Native_Reference_1,-82.49,255.53,,21.37,
1,1,BB,5,area_14,10--20,k_Native_Reference_1,-90.39,394.71,,14.1,
1,1,CC,1,area_14,10--20,k_Native_Reference_1,-48.18,120.07,,18.58,
1,1,CC,2,area_14,10--20,k_Native_Reference_1,-78.29,201.74,,25.21,
1,1,CC,3,area_14,10--20,k_Native_Reference_1,-88.68,163.02,,19.8,
1,1,CC,4,area_14,10--20,k_Native_Reference_1,-49.5,125.14,,13.67,
1,1,CC,5,area_14,10--20,k_Native_Reference_1,-42.46,95.55,,13.82,
1,1,DD,1,area_14,10--20,k_Native_Reference_1,-44.98,140.99,,29.92,
1,1,DD,2,area_14,10--20,k_Native_Reference_1,-32.79,181.41,,20.26,
1,1,DD,3,area_14,10--20,k_Native_Reference_1,-36.38,101.51,,13.62,
1,1,DD,4,area_14,10--20,k_Native_Reference_1,-5.6,85.46,,14.13,
1,1,DD,5,area_14,10--20,k_Native_Reference_1,-28.45,97.38,,13.89,
1,1,BB,1,area_14,20-30,k_Native_Reference_1,-43.84,142.53,,10.93,
1,1,BB,2,area_14,20-30,k_Native_Reference_1,-18.57,240.67,,7.3,
1,1,BB,3,area_14,20-30,k_Native_Reference_1,-26.66,101.32,,7.36,
1,1,BB,4,area_14,20-30,k_Native_Reference_1,-24.65,161.91,,14.51,
1,1,BB,5,area_14,20-30,k_Native_Reference_1,-37.61,295.32,,6.12,
1,1,CC,1,area_14,20-30,k_Native_Reference_1,-12.55,195.27,,8.82,
1,1,CC,2,area_14,20-30,k_Native_Reference_1,-49.71,177.25,,12.24,
1,1,CC,3,area_14,20-30,k_Native_Reference_1,-53.69,223.72,,11.15,
1,1,CC,4,area_14,20-30,k_Native_Reference_1,-25.93,112,,9.76,
1,1,CC,5,area_14,20-30,k_Native_Reference_1,-36.37,172.51,,9.31,
1,1,DD,1,area_14,20-30,k_Native_Reference_1,-16.54,81.19,,9.11,
1,1,DD,2,area_14,20-30,k_Native_Reference_1,-21.22,277.26,,13.03,
1,1,DD,3,area_14,20-30,k_Native_Reference_1,-10.49,130.89,,8.79,
1,1,DD,4,area_14,20-30,k_Native_Reference_1,-9.59,122.15,,7.74,
1,1,DD,5,area_14,20-30,k_Native_Reference_1,-18.07,86.6,,7.84,
